INSERT INTO usuarios (status, username, email, password) VALUES(1, 'juanperez', 'juanitopro123@gmail.com', '$2a$10$/WG6.DlBIoDDv5dS1fnszuCEyBHODY8zIFmzB71fqF4WfVN5JMmRS');
INSERT INTO usuarios (status, username, email, password) VALUES(1, 'momazosdiego123', 'momazosdiego@gmail.com', '$2a$10$GO.CrDPo4gKGzrDeJv/8q.mllTetCRKef9fSRUx0efCpGsaNJIRy2');
INSERT INTO prioridades (id, tipo_prioridad) VALUES(1, 'BAJA');
INSERT INTO prioridades (id, tipo_prioridad) VALUES(2, 'MEDIA');
INSERT INTO prioridades (id, tipo_prioridad) VALUES(3, 'ALTA');
INSERT INTO prioridades (id, tipo_prioridad) VALUES(4, 'URGENTE');
INSERT INTO tarea_status (id, status) VALUES(1, 'EN PROCESO');
INSERT INTO tarea_status (id, status) VALUES(2, 'DETENIDO');
INSERT INTO tarea_status (id, status) VALUES(3, 'CANCELADO');
INSERT INTO tarea_status (id, status) VALUES(4, 'PENDIENTE');
INSERT INTO tarea_status (id, status) VALUES(5, 'COMPLETADO');
INSERT INTO tareas (owner_id,id_prioridad, id_tarea_status, status, fecha_creacion, fecha_limite, fecha_modificacion, id_guid,  usuario_modificacion, titulo, descripcion) VALUES(1,4, 3, 1, '2025-08-24 03:47:00', '2025-08-20 23:17:15', NULL, '31d2484e-ed03-40f3-81bc-955878a9f86d', NULL, 'Rev', 'Cum sociis natoque penatibus et magnis dis parturient montes, nascetur ridiculus mus. Vivamus vestibulum sagittis sapien. Cum sociis natoque penatibus et magnis dis parturient montes, nascetur ridiculus mus.Etiam vel augue. Vestibulum rutrum rutrum neque. Aenean auctor gravida sem.Praesent id massa id nisl venenatis lacinia. Aenean sit amet justo. Morbi ut odio.');
INSERT INTO tareas (owner_id,id_prioridad, id_tarea_status, status, fecha_creacion, fecha_limite, fecha_modificacion, id_guid,  usuario_modificacion, titulo, descripcion) VALUES(1,1, 4, 1, '2025-08-24 13:39:00', '2025-08-22 18:24:32', NULL, '4ed76c30-9e01-43d3-8bba-46dafd8dea94', NULL, 'Dr', 'Integer tincidunt ante vel ipsum. Praesent blandit lacinia erat. Vestibulum sed magna at nunc commodo placerat.');
INSERT INTO tareas (owner_id,id_prioridad, id_tarea_status, status, fecha_creacion, fecha_limite, fecha_modificacion, id_guid,  usuario_modificacion, titulo, descripcion) VALUES(1,1, 5, 1, '2025-08-22 13:06:54', '2025-08-22 05:37:02', NULL, '5a9d673a-5d98-4cd2-9517-7a833e8d817b', NULL, 'Ms', 'In quis justo. Maecenas rhoncus aliquam lacus. Morbi quis tortor id nulla ultrices aliquet.');
INSERT INTO tareas (owner_id,id_prioridad, id_tarea_status, status, fecha_creacion, fecha_limite, fecha_modificacion, id_guid,  usuario_modificacion, titulo, descripcion) VALUES(1,1, 1, 1, '2025-08-24 15:06:22', '2025-08-23 01:56:00', NULL, '5d231335-fc04-48d7-8021-ed41bc71fcaf', NULL, 'Rev', 'In hac habitasse platea dictumst. Etiam faucibus cursus urna. Ut tellus.Nulla ut erat id mauris vulputate elementum. Nullam varius. Nulla facilisi.Cras non velit nec nisi vulputate nonummy. Maecenas tincidunt lacus at velit. Vivamus vel nulla eget eros elementum pellentesque.');
INSERT INTO tareas (owner_id,id_prioridad, id_tarea_status, status, fecha_creacion, fecha_limite, fecha_modificacion, id_guid,  usuario_modificacion, titulo, descripcion) VALUES(1,1, 2, 1, '2025-08-20 14:27:04', '2025-08-24 01:01:44', NULL, '69941079-33c5-4f7b-a7b7-f2a5fd179846', NULL, 'Ms', 'Maecenas tristique, est et tempus semper, est quam pharetra magna, ac consequat metus sapien ut nunc. Vestibulum ante ipsum primis in faucibus orci luctus et ultrices posuere cubilia Curae; Mauris viverra diam vitae quam. Suspendisse potenti.');
INSERT INTO tareas (owner_id,id_prioridad, id_tarea_status, status, fecha_creacion, fecha_limite, fecha_modificacion, id_guid,  usuario_modificacion, titulo, descripcion) VALUES(1,3, 4, 1, '2025-08-21 04:43:56', '2025-08-20 22:27:06', NULL, '94b02cb9-2059-4672-bbdc-75915dc199bc', NULL, 'Dr', 'Duis bibendum, felis sed interdum venenatis, turpis enim blandit mi, in porttitor pede justo eu massa. Donec dapibus. Duis at velit eu est congue elementum.In hac habitasse platea dictumst. Morbi vestibulum, velit id pretium iaculis, diam erat fermentum justo, nec condimentum neque sapien placerat ante. Nulla justo.Aliquam quis turpis eget elit sodales scelerisque. Mauris sit amet eros. Suspendisse accumsan tortor quis turpis.');
INSERT INTO tareas (owner_id,id_prioridad, id_tarea_status, status, fecha_creacion, fecha_limite, fecha_modificacion, id_guid,  usuario_modificacion, titulo, descripcion) VALUES(1,1, 1, 1, '2025-08-20 14:22:27.308541', '2025-08-20 18:30:00', NULL, '9af31975-151b-4bd2-85f7-1d12a37ebbd2',  NULL, 'Implementar módulo de autenticación', 'Crear login con JWT y validación de roles');
INSERT INTO tareas (owner_id,id_prioridad, id_tarea_status, status, fecha_creacion, fecha_limite, fecha_modificacion, id_guid,  usuario_modificacion, titulo, descripcion) VALUES(1,2, 2, 1, '2025-08-22 08:56:17', '2025-08-23 10:59:51', NULL, 'a5c27c16-2e1c-476b-924c-8d5932fefad9', NULL, 'Rev', 'Proin interdum mauris non ligula pellentesque ultrices. Phasellus id sapien in sapien iaculis congue. Vivamus metus arcu, adipiscing molestie, hendrerit at, vulputate vitae, nisl.');
INSERT INTO tareas (owner_id,id_prioridad, id_tarea_status, status, fecha_creacion, fecha_limite, fecha_modificacion, id_guid,  usuario_modificacion, titulo, descripcion) VALUES(1,1, 4, 1, '2025-08-22 12:17:32', '2025-08-23 19:44:27', NULL, 'b40a6c0e-005c-4036-a3ae-7fc8f8818e95', NULL, 'Rev', 'Maecenas leo odio, condimentum id, luctus nec, molestie sed, justo. Pellentesque viverra pede ac diam. Cras pellentesque volutpat dui.Maecenas tristique, est et tempus semper, est quam pharetra magna, ac consequat metus sapien ut nunc. Vestibulum ante ipsum primis in faucibus orci luctus et ultrices posuere cubilia Curae; Mauris viverra diam vitae quam. Suspendisse potenti.Nullam porttitor lacus at turpis. Donec posuere metus vitae ipsum. Aliquam non mauris.');
INSERT INTO tareas (owner_id,id_prioridad, id_tarea_status, status, fecha_creacion, fecha_limite, fecha_modificacion, id_guid,  usuario_modificacion, titulo, descripcion) VALUES(1,1, 4, 1, '2025-08-22 08:22:39', '2025-08-23 02:01:48', NULL, 'dc59c793-a9eb-4c31-85c4-012354f840c4', NULL, 'Mrs', 'Duis bibendum. Morbi non quam nec dui luctus rutrum. Nulla tellus.');
INSERT INTO tareas (owner_id,id_prioridad, id_tarea_status, status, fecha_creacion, fecha_limite, fecha_modificacion, id_guid,  usuario_modificacion, titulo, descripcion) VALUES(1,1, 1, 1, '2025-08-20 16:41:08', '2025-08-21 08:09:29', NULL, 'df919608-28a6-4a87-bbcd-aee2950ac974', NULL, 'Rev', 'Etiam vel augue. Vestibulum rutrum rutrum neque. Aenean auctor gravida sem.');
ALTER TABLE tareas ADD FULLTEXT ft_tareas_titulo (titulo);
ALTER TABLE tareas ADD FULLTEXT ft_tareas_desc (descripcion);
INSERT INTO roles (id, status, nombre) VALUES(1, 1, 'ADMIN');
INSERT INTO roles (id, status, nombre) VALUES(2, 1, 'BASICO');
INSERT INTO usuario_roles (rol_id, usuario_id) VALUES(2, 1);
INSERT INTO usuario_roles (rol_id, usuario_id) VALUES(2, 2);
INSERT INTO tags (status, color, fecha_creacion, fecha_modificacion, name,	usuario_creacion,	usuario_modificacion) VALUES(1, '#F54927', '2025-08-22 15:09:48.312379', NULL, 'Bug_Report', 'admin', NULL);
INSERT INTO tags (status, color, fecha_creacion, fecha_modificacion, name,	usuario_creacion,	usuario_modificacion) VALUES(1, '#F54927', '2025-08-22 15:10:34.789653', NULL, 'Optimization', 'admin', NULL);
INSERT INTO tags (status, color, fecha_creacion, fecha_modificacion, name,	usuario_creacion,	usuario_modificacion) VALUES(1, '#F54927', '2025-08-22 15:10:43.679050', NULL, 'Legacy', 'admin', NULL);
INSERT INTO project (status, fecha_creacion, fecha_modificacion, owner_id, id_guid, usuario_modificacion, name, descripcion) VALUES(1, '2025-10-09 13:04:30.028605', NULL, 1, 'a9311d28-b9dc-489a-adc9-24056b86ae44', NULL, 'Diseño de la nueva App Móvil', 'Proyecto para el diseño de la interfaz y la experiencia de usuario de la nueva aplicación móvil de la empresa.');
INSERT INTO tareas (id_prioridad, id_tarea_status, status, fecha_creacion, fecha_limite, fecha_modificacion, owner_id, id_guid, project_id, usuario_modificacion, titulo, descripcion) VALUES(2, 1, 1, '2025-10-09 14:02:50.050824', '2025-10-20 18:30:00', NULL, 1, 'a9c52e9a-3f70-46c3-b450-f473715531b8', 'a9311d28-b9dc-489a-adc9-24056b86ae44', NULL, 'Test API Pay ENDPOINTS', 'Testear los endpoints utilizados en el sistema de pago');
INSERT INTO tareas (id_prioridad, id_tarea_status, status, fecha_creacion, fecha_limite, fecha_modificacion, owner_id, id_guid, project_id, usuario_modificacion, titulo, descripcion) VALUES(3, 1, 1, '2025-10-09 13:46:15.419178', '2025-10-20 18:30:00', NULL, 1, '2efa604d-1bbd-40d8-af4c-88747fb03dd2', 'a9311d28-b9dc-489a-adc9-24056b86ae44', NULL, 'PROJECT ALPHA: Destroy humans', 'Conquest Solar System');
INSERT INTO project (status, fecha_creacion, fecha_modificacion, owner_id, id_guid, usuario_modificacion, name, descripcion) VALUES(1, '2025-10-22 14:58:24.074456', NULL, 1, '123c7d2b-3a82-47fe-9ba5-f725fada3abd', NULL, 'Proyecto dooal backend', 'Proyecto para el diseño de una aplicacion movil para gimnasios');
INSERT INTO project_members (status, fecha_creacion, fecha_modificacion, usuario_id, project_id, usuario_creacion, usuario_modificacion, `role`) VALUES(1, '2025-10-22 14:58:24.078445', NULL, 1, '123c7d2b-3a82-47fe-9ba5-f725fada3abd', 'juanitopro123@gmail.com', NULL, 'OWNER');
INSERT INTO project_members (status, fecha_creacion, fecha_modificacion, usuario_id, project_id, usuario_creacion, usuario_modificacion, `role`) VALUES(1, '2025-10-22 14:58:24.078445', NULL, 1, 'a9311d28-b9dc-489a-adc9-24056b86ae44', 'juanitopro123@gmail.com', NULL, 'OWNER');